{
  "cholera": {
    "accuracy": 0.9767726161369193,
    "auc": 0.998118972511862,
    "report": {
      "0": {
        "precision": 1.0,
        "recall": 0.9856115107913669,
        "f1-score": 0.9927536231884058,
        "support": 417.0
      },
      "1": {
        "precision": 0.8085106382978723,
        "recall": 0.8837209302325582,
        "f1-score": 0.8444444444444444,
        "support": 43.0
      },
      "2": {
        "precision": 0.9519230769230769,
        "recall": 0.9252336448598131,
        "f1-score": 0.9383886255924171,
        "support": 107.0
      },
      "3": {
        "precision": 0.98046875,
        "recall": 1.0,
        "f1-score": 0.9901380670611439,
        "support": 251.0
      },
      "accuracy": 0.9767726161369193,
      "macro avg": {
        "precision": 0.9352256163052373,
        "recall": 0.9486415214709345,
        "f1-score": 0.9414311900716028,
        "support": 818.0
      },
      "weighted avg": {
        "precision": 0.9776520573686769,
        "recall": 0.9767726161369193,
        "f1-score": 0.9770435327034377,
        "support": 818.0
      }
    }
  },
  "dengue": {
    "accuracy": 0.969437652811736,
    "auc": 0.9986894333188386,
    "report": {
      "0": {
        "precision": 0.9819587628865979,
        "recall": 0.9921875,
        "f1-score": 0.9870466321243523,
        "support": 384.0
      },
      "1": {
        "precision": 0.9710982658959537,
        "recall": 0.9572649572649573,
        "f1-score": 0.9641319942611191,
        "support": 351.0
      },
      "2": {
        "precision": 0.9047619047619048,
        "recall": 0.9156626506024096,
        "f1-score": 0.9101796407185628,
        "support": 83.0
      },
      "accuracy": 0.969437652811736,
      "macro avg": {
        "precision": 0.9526063111814854,
        "recall": 0.9550383692891223,
        "f1-score": 0.953786089034678,
        "support": 818.0
      },
      "weighted avg": {
        "precision": 0.9694656410429968,
        "recall": 0.969437652811736,
        "f1-score": 0.9694146050135022,
        "support": 818.0
      }
    }
  },
  "malaria": {
    "accuracy": 0.969437652811736,
    "auc": 0.9984643893989605,
    "report": {
      "0": {
        "precision": 0.9464285714285714,
        "recall": 0.8983050847457628,
        "f1-score": 0.9217391304347826,
        "support": 59.0
      },
      "1": {
        "precision": 0.9430051813471503,
        "recall": 0.9578947368421052,
        "f1-score": 0.9503916449086162,
        "support": 190.0
      },
      "2": {
        "precision": 0.9826589595375722,
        "recall": 0.9864603481624759,
        "f1-score": 0.9845559845559846,
        "support": 517.0
      },
      "3": {
        "precision": 0.96,
        "recall": 0.9230769230769231,
        "f1-score": 0.9411764705882353,
        "support": 52.0
      },
      "accuracy": 0.969437652811736,
      "macro avg": {
        "precision": 0.9580231780783235,
        "recall": 0.9414342732068168,
        "f1-score": 0.9494658076219047,
        "support": 818.0
      },
      "weighted avg": {
        "precision": 0.9693948071530184,
        "recall": 0.969437652811736,
        "f1-score": 0.9693320803353564,
        "support": 818.0
      }
    }
  },
  "leptospirosis": {
    "accuracy": 0.9596577017114915,
    "auc": 0.9965860147378078,
    "report": {
      "0": {
        "precision": 0.9818181818181818,
        "recall": 0.972972972972973,
        "f1-score": 0.9773755656108597,
        "support": 333.0
      },
      "1": {
        "precision": 0.8831168831168831,
        "recall": 0.8831168831168831,
        "f1-score": 0.8831168831168831,
        "support": 77.0
      },
      "2": {
        "precision": 0.9420289855072463,
        "recall": 0.9285714285714286,
        "f1-score": 0.935251798561151,
        "support": 140.0
      },
      "3": {
        "precision": 0.9633699633699634,
        "recall": 0.9813432835820896,
        "f1-score": 0.9722735674676525,
        "support": 268.0
      },
      "accuracy": 0.9596577017114915,
      "macro avg": {
        "precision": 0.9425835034530687,
        "recall": 0.9415011420608436,
        "f1-score": 0.9420044536891365,
        "support": 818.0
      },
      "weighted avg": {
        "precision": 0.9596731817843758,
        "recall": 0.9596577017114915,
        "f1-score": 0.9596217985676141,
        "support": 818.0
      }
    }
  },
  "salmonella": {
    "accuracy": 0.9779951100244498,
    "auc": 0.9978153433620135,
    "report": {
      "0": {
        "precision": 0.9970326409495549,
        "recall": 0.9926144756277696,
        "f1-score": 0.9948186528497409,
        "support": 677.0
      },
      "1": {
        "precision": 0.8942307692307693,
        "recall": 0.9587628865979382,
        "f1-score": 0.9253731343283582,
        "support": 97.0
      },
      "2": {
        "precision": 0.8947368421052632,
        "recall": 0.8292682926829268,
        "f1-score": 0.8607594936708861,
        "support": 41.0
      },
      "3": {
        "precision": 0.5,
        "recall": 0.3333333333333333,
        "f1-score": 0.4,
        "support": 3.0
      },
      "accuracy": 0.9779951100244498,
      "macro avg": {
        "precision": 0.8215000630713969,
        "recall": 0.778494747060492,
        "f1-score": 0.7952378202122463,
        "support": 818.0
      },
      "weighted avg": {
        "precision": 0.9778920453111848,
        "recall": 0.9779951100244498,
        "f1-score": 0.9776828377134863,
        "support": 818.0
      }
    }
  }
}